{"cameraMode":{"drawMode":0,"name":"Shaded","section":"Shading Mode"},"sceneLighting":true,"audioPlay":false,"sceneViewState":{"showFog":true,"showMaterialUpdate":false,"showSkybox":true,"showFlares":true,"showImageEffects":true,"showParticleSystems":true},"in2DMode":false,"pivot":{"x":1.0093755722045899,"y":0.8963308334350586,"z":4.517354965209961},"rotation":{"x":0.16226136684417725,"y":-0.2090088576078415,"z":0.03519754856824875,"w":0.963716447353363},"size":10.0,"orthographic":false}